1390	Visual improvements|Created by AI|Enhancement	feat(fsl): `oarrange` — ordered arrange (same-rank + enforced left-to-right placement)
1387	Enhancement|Status: Needs design	fsl-instance: live machine rebuild on fsl change (enables fsl-editor dual-mode write-back)
1384	Enhancement	fsl-editor: Stochastic tab — interact with a machine on a statistical basis
1381		Hierarchical / pushdown states (nested state contexts with a state stack)
1380	Bug|FSL	machine_language attribute parses but machine_language() always returns undefined
1377	Test suite|Internationalization	Universal character set test - viz/dot rendering
1376	Test suite|Internationalization	Universal character set test - config default-state blocks
1375	Test suite|Internationalization	Universal character set test - config state lists
1374	Test suite|Internationalization	Universal character set test - arrange declarations
1373	Test suite|Internationalization	Universal character set test - image and url style items
1372	Test suite|Internationalization	Universal character set test - state properties
1371	Test suite|Internationalization	Universal character set test - machine metadata fields
1370	Test suite|Internationalization	Universal character set test - hooks
1369	Test suite|Internationalization	Universal character set test - state-declaration names
1368	Test suite|Internationalization	Universal character set test - group and named-list names
1367	Test suite|Internationalization	Universal character set test - edge labels
1366	Cleanup|Refactor|FSL	Remove dead whargarbl/todo config grammar stubs
1339	Needs implementation|Graph language|Types|Documentation and docgen|Enhancement|FSL	feat(fsl): hooks_closed machine attribute (boolean, default false)
1338	Needs implementation|Graph language|Documentation and docgen|Enhancement|FSL|Visualizations	feat(fsl): default_size machine attribute (render-size hint, default undefined)
1337	Needs implementation|Package managers|Documentation and docgen|Needs a feature|Enhancement|FSL	feat(fsl): npm_name machine attribute (string, default undefined)
1336	Needs implementation|Graph language|Needs a feature|Enhancement|Typescript|FSL	feat(fsl): failed_outputs machine attribute (state or list of states, default empty)
1335	Needs implementation|Static analysis|Needs tests|Needs a feature|Enhancement|FSL	feat(fsl): allow_islands machine attribute (true | false | with_start, default true)
1334	Stochastics|Widgets|Frontend|Needs a feature|Enhancement|FSL|Status: Needs design|Needs spec	feat(wc): editor/panel defaults declarable in FSL (stochastic run count, request-mode panels)
1333	Widgets|Frontend|Needs a feature|Enhancement|Status: Needs design	feat(wc): panel modes — hide / show / default / request
1329	Bug|Core	machine context was missing on some error messages
1328	Bug|Core|FSL	Parser pushes undefined into theme list
1327	Bug|Core|Typescript	After hook handler invoked twice
1326	Bug|Needs tests|Typescript|API	list_exit_actions throws for actionless states
1325	Bug|Stochastic machines|Core|Typescript	probable_exits_for uses wrong state
1324	Needs implementation|Bug|Core|Typescript	is_hook_complex_result crashes on null
1323	Stochastics|Bug|Stochastic machines|Core	rng seed setter isn't re-generating rng
1322	Bug|Core|Typescript	deserialize doesn't gate differing semver segment counts correctly
1321	Needs implementation|Bug|Core|Typescript	_post_transition_hooks are not being honored in valid transition type determination
1320	Stochastics|Bug	histograph/1 mutates the input
1319	Bug|Low hanging fruit|Cosmetic	error message for state gave prop title by accident
1318	Bug|Needs information	unique/1 throws when argument is undefined
1316	Stochastics|Bug|Low hanging fruit|Typescript	rng not honored on weighted_rand_select
1314	Tooling|Enhancement|Build infrastructure|Security|CI/CD|Modernize	Modernize NPM publish beyond access token nonsense
1312	Graph language|Bug|FSL	Missing mixed arrow types from arrow_right_kind
1311	Graph language|Bug|FSL	Missing mixed arrow types from arrow_left_kind
1308	Ease of use|Tutorials|Integrations|Documentation and docgen|Enhancement	Guide on setting up jssm and jssm-viz
1305	Graph language|Issue needs work|Uncertain|Needs a feature|Enhancement	Consider specifying timings
1304	Bug|Intend to close|Javascript|Web	The "after 200ms" should be reported by hook_any_action
1302	High priority|Functional language|Test suite|Ease of use|Bug|Needs tests|Status: Underway|Core|Javascript|Typescript	.data() returns by reference instead of a copy, causing the outside to be likely to corrupt the guts on write
1301	Editors|Documentation and docgen|Question	Where is the source code for the live editor?
1300	Ease of use|Graph language|Intend to close|Composition|Needs a feature|Enhancement	Composable state machines?
1298	Machine use cases|Test suite|Ease of use|Core|Enhancement|Features	hook_everything
1297	Editors|High priority|Use cases|Ease of use|Site use cases|Integrations|Visual improvements|Enhancement|Visualizations	viz graph needs to self update now, due to operator after
1296	High priority|Graph language|Bug|Types|Low hanging fruit|Typescript|Visualizations	neato missing from JssmLayout type
1295	Bug|Types|Intend to close|Build|Package Quality|Solution proposed|Typescript	jssm does not work with TypeScript's Node16/NodeNext/Bundler moduleResolution
1294	Chore|Dependencies|Build infrastructure|CI/CD	node 24 is out; support in ci/cd
1293	High priority|Test suite|Ease of use|Needs tests|Status: Underway|Low hanging fruit|Enhancement	Set starting state: tests on working at the same time as data init
1292	High priority|Test suite|Ease of use|Needs tests|Status: Underway|Low hanging fruit|FSL	Set starting state: tests on iterating the entire start state list
1291	High priority|Test suite|Ease of use|Bug|Needs tests|Status: Underway|Low hanging fruit	Set starting state: tests on failing because not a real state despite non-start-state flag
1290	High priority|Test suite|Ease of use|Bug|Status: Underway|Low hanging fruit|Core	Set starting state: tests on failing because not a real state
1289	Chore|High priority|Test suite|Ease of use|Needs tests|Status: Underway|Low hanging fruit	Set starting state: tests on succeeding without start state list because flag
1288	High priority|Test suite|Ease of use|Bug|Status: Underway|Low hanging fruit	Set starting state: tests on failing because not in start state list
1287	High priority|Test suite|Ease of use|Needs tests|Status: Underway|Low hanging fruit|Core	Set starting state: tests on succeeding
1286	Needs implementation|High priority|Ease of use|Status: Underway|Low hanging fruit|Needs a feature|Enhancement|API	Set starting state: base ability in options
1285	Needs implementation|High priority|Machine use cases|Ease of use|Bug|List issue|Status: Underway|Low hanging fruit|Core	Set starting state
1278	Needs research|Tooling|Build|Typescript|Build infrastructure	Build target matrix - do something about ts-node
1268	High priority|Bug|Needs tests|Low hanging fruit|Core|Typescript	Timer following isn't clearing previous timer
1267	Cleanup|Static analysis|Ease of use|Enhancement|Blocks others	`arrange` of a node that does not exist should be an error
1266	Very powerful|Performance|Status: Underway|Needs a feature|Core|Enhancement|Typescript	Support for custom `setTimeout` and `clearTimeout` for after mapping
1265	Needs implementation|Tooling|High priority|Ease of use|Ease of contribution|Low hanging fruit|Environments|Frontend|Needs a feature|Enhancement|Web	Make a browser runner, to get access to step debugging in the browser debugger
1263	Low priority|Bug|Build|Build infrastructure	Twitter step in build process hadn't yet commuted to .cjs
1262	Low priority|Readme|Bug|Documentation and docgen|Build	line_run_ratio in readme is lost
1261	Tooling|Bug|Visual improvements	line count header is wrong because of toLocaleString differences
1260	Tooling|Test suite|Bug|Build	Can't import in `vitest` because of lack of `type: module` in package
1259	High priority|Machine use cases|Bug|Needs tests|Core|Typescript|Status: Needs reproduction	Possible loss of `data` in `transition_impl`
1258	Static analysis|Graph language|Bug|Issue needs work|Needs tests|Low hanging fruit|Solution proposed|Visualizations	dot graph output for arrange of a node that doesn't exist is bizarrely fictional
1253	Needs research|Chore|Graph language|Bug|Needs tests|FSL|Unconfirmed	Vague memory that edge attributes may somehow be order-locked
1250	Chore|High priority|Cleanup|Stochastics|Bug|Status: Underway|Low hanging fruit|Stochastic machines|Refactor|Typescript	Replace mulberry rng, now known to be problematic, with splitmix32
1242	Tooling|Chore|Cleanup|Ease of use|Automation|Ease of contribution|Low hanging fruit|CI/CD	Fix change diffs
1238	Examples|Machine use cases|Use cases|Tutorials|Integrations	Practical network DB write machine
1237	Widgets|Integrations|Enhancement|Needs information	Make a GH Block
1236	Readme|Bug|Documentation and docgen	Version number in README is borked
1235	Package managers|Bug|Integrations|Build infrastructure|CI/CD	Deno module not updating because of hook/gha race
1234	Machine use cases|Ease of use|Graph language|Needs a feature|Enhancement	Multiple actions to one state
1233	Needs implementation|High priority|Ease of use|Needs a feature|Enhancement	Handlers need to be able to see next data
1232	Needs implementation|Issue needs work	Implement override
1231	Enhancement|Needs information|API	Getter for code override
1230	Enhancement|Needs information|API	Getter for config override
1229	Enhancement|Needs information|API	Getter for override
1228	Needs implementation|Issue needs work|Needs a feature|Core|Enhancement|FSL	Implement allow_override attribute in machine
1227	Enhancement|Needs information|Codegen	Allow override attribute in compiler
1226	Issue needs work|Needs a feature|Enhancement|FSL|Needs information	Allow override attribute in grammar
1225	Needs implementation|Machine use cases|Needs a feature|Enhancement|API	constructor config to disallow overrides
1224	Machine exposition|Needs a feature|Enhancement|Typescript|API	.allows_override
1223	Needs research|Needs implementation|High priority|Issue needs work|List issue|Needs a feature|Core|Enhancement|Needs spec	Override
1222	Needs implementation|List issue|Needs a feature|Enhancement|FSL|Features	Allow override attribute
1221	Needs research|Needs a feature|Enhancement|FSL	Override event
1219	Needs research|Publicity and visibility|Readme|Integrations|Very powerful|Visual improvements|Enhancement|Visualizations	Github blocks
1213	Needs implementation|Tooling|Package managers|Chore|Cleanup|Publicity and visibility|Automation|Integrations|Ease of contribution|Status: Underway|Environments|Dependencies|Enhancement|CI/CD|Workflows	Automatically update jssm-cjs from jssm updates
1212	Needs implementation|Tooling|Package managers|Chore|Cleanup|Publicity and visibility|Automation|Integrations|Ease of contribution|Minifier|Status: Underway|Environments|Build|Dependencies|Enhancement|CI/CD	Automatically update jssm-es6-min from jssm updates
1211	Editors|Needs implementation|Enhancement|API	uses_forced_transitions
1210	Cleanup|Refactor|Technical debt	Pull themes out into module
1207	Cleanup|Refactor|Technical debt|Codegen	Pull compiler out into module
1206	Cleanup|Refactor	Pull arrows out into module
1205	Static analysis|Test suite|Needs tests|FSL	Start states cannot repeat
1204	Static analysis|Test suite|Enhancement|Blocks others	Start states must exist
1203	Static analysis|Bug|Core|Typescript	Start states with invalid states cause machine to begin in inconsistent state
1202	Ease of use|Status: Underway|Core|Enhancement|Features	display_text
1201	Cleanup|Bug|Refactor|Technical debt	uh the grammar probably shouldn't be called jssm-dot anymore 😅
1200	Bug|Dependencies|Bug is upstream	Underlying library `reduce-to-639-1` needs es6 export
1194	Test suite|Bug|Needs tests|Internationalization	Universal character set test - atom labels
1193	Test suite|Bug|Internationalization	Universal character set test - labels
1192	Test suite|Bug|FSL|Internationalization	Universal character set test - actions
1191	Test suite|Bug|Needs tests|Internationalization	Universal character set test - strings
1190	Test suite|Bug|FSL|Internationalization	Universal character set test - atoms
1189	Bug|Types|Typescript|Important for integration|Codegen	Downstream typescript consumption fails: theme getter and setter diverge in type
1188	Cleanup|Good first issue|Low hanging fruit|Documentation and docgen|Refactor|Javascript	Switch report generator `.replaceAll(foo` with `.replace(/foo/g`
1187	Tooling|Test suite|Stochastics|Bug	Stats script is failing because stoch tests were disabled
1186	Ease of use|Low hanging fruit|Documentation and docgen|Enhancement	LOC Shootout should have relative links to the code 
1181	Needs implementation|Tooling|Machine use cases|Functional language|Integrations|Needs tests|Core|Enhancement|Blocks others	Initial post-hooks
1180	Tooling|Machine use cases|Functional language|Integrations|Needs tests|Needs a feature|Core|Enhancement|Blocks others	Final post-hooks
1179	Needs implementation|Tooling|Machine use cases|Functional language|Integrations|Needs tests|Needs a feature|Core|Enhancement|Blocks others	Final hooks
1178	Tooling|Machine use cases|Functional language|Integrations|Needs tests|Needs a feature|Core|Enhancement|Blocks others	Initial hooks
1176	Issue needs work|Uncertain|Needs information	fix domain
1169	Test suite|Bug|Issue needs work|Needs tests|List issue|Internationalization	Universal character set test
1168	High priority|Bug|Very powerful|Visual improvements|Rendering compatibility|Is blocked|Visualizations|Internationalization	Fix higher unicode rendering in viz once and for all
1163	Needs research|Visual improvements|Transcompile targets|Javascript|Question|Internationalization	To get trans-js unicode, is it enough to just entity encode?
1160	Bug|Visual improvements|Status: Underway|Frontend|Visualizations	New style system didn't onboard individual styles
1159	Visual improvements|Refactor|Frontend|CSS|Cosmetic	Move current base stylesheet to theme (also make it less ugly)
1157	Needs implementation|Status: Underway|Core|Enhancement|API	API to check whether a given state is an end state
1156	Needs implementation|Status: Underway|Needs a feature|Enhancement|API	API to check whether a given state is a start state
1143	Use cases|Ease of use|Visual improvements|Status: Underway|Color|Composition|Frontend|Enhancement|Visualizations	Define a theme layer within the style composition function
1142	Use cases|Visual improvements|Status: Underway|Composition|Frontend|Enhancement|Visualizations	Define a graph_explorer base stylesheet
1141	Needs implementation|Use cases|Visual improvements|Status: Underway|Composition|Frontend|Is blocked|Enhancement	Need a per-node style-cooking function
1140	Use cases|Visual improvements|Status: Underway|Is blocked|Enhancement|Visualizations	Expose styling of start / end states
1139	Use cases|Visual improvements|Status: Underway|Frontend|Is blocked|Enhancement|Visualizations	Expose styling of hooked states
1138	Use cases|Visual improvements|Status: Underway|Frontend|Is blocked|Enhancement|Visualizations	Expose styling of current state
1137	Use cases|Visual improvements|Status: Underway|Frontend|Is blocked|Enhancement|Visualizations	Expose styling of terminal states
1136	Use cases|Visual improvements|Status: Underway|Frontend|Is blocked|Enhancement|Visualizations	Expose styling of standard states
1135	Use cases|Visual improvements|Status: Underway|Frontend|Enhancement|Visualizations	Allow styling of standard states
1134	Use cases|Visual improvements|Status: Underway|Frontend|Enhancement|Visualizations	Allow styling of hooked states
1133	Use cases|Visual improvements|Status: Underway|Needs a feature|Enhancement|Visualizations	Allow styling of current state
1132	Use cases|Visual improvements|Status: Underway|Frontend|Enhancement|Visualizations	Allow styling of terminal states
1131	Use cases|Visual improvements|Status: Underway|Color|Frontend|Enhancement|Visualizations	Allow styling of start and end states
1130	Tooling|Chore|Performance|Enhancement|Blocks others	Add compiles/second to performance benchmark
1126	Needs research|Competition|Publicity and visibility|Collected propaganda|Low hanging fruit|Documentation and docgen|Blocks others	Fill out feature comparison: `grammar-graph`
1125	Needs research|Competition|Publicity and visibility|Collected propaganda|Low hanging fruit|Documentation and docgen	Fill out feature comparison: `mood`
1124	Competition|Publicity and visibility|Collected propaganda|Low hanging fruit|Documentation and docgen|Difficulty: easy|Blocks others	Fill out feature comparison: `robot3`
1123	Needs research|Competition|Publicity and visibility|Collected propaganda|Low hanging fruit|Documentation and docgen|Blocks others	Fill out feature comparison: `stent`
1122	Needs research|Competition|Publicity and visibility|Collected propaganda|Low hanging fruit|Documentation and docgen|Is blocked	Fill out feature comparison: `fsm`
1121	Needs research|Competition|Publicity and visibility|Collected propaganda|Low hanging fruit|Documentation and docgen	Fill out feature comparison: `fsm-event`
1120	Needs research|Competition|Publicity and visibility|Collected propaganda|Low hanging fruit|Blocks others	Fill out feature comparison: `node-state`
1119	Competition|Publicity and visibility|Collected propaganda|Low hanging fruit|Documentation and docgen|Blocks others	Fill out feature comparison: `state-machine`
1118	Needs research|Competition|Publicity and visibility|Collected propaganda|Low hanging fruit|Documentation and docgen|Javascript	Fill out feature comparison: `stately.js`
1117	Needs research|Competition|Publicity and visibility|Collected propaganda|Low hanging fruit|Documentation and docgen|Javascript	Fill out feature comparison: `fsm-as-promised`
1116	Chore|Competition|Publicity and visibility|Collected propaganda|Low hanging fruit|Documentation and docgen|Blocks others	Fill out feature comparison: `fsm-iterator`
1115	Chore|Competition|Publicity and visibility|Collected propaganda|Low hanging fruit|Documentation and docgen|Blocks others	Fill out feature comparison: `finity`
1114	Needs research|Competition|Publicity and visibility|Collected propaganda|Low hanging fruit|Documentation and docgen|Blocks others	Fill out feature comparison: `machina`
1113	Needs research|Competition|Publicity and visibility|Collected propaganda|Low hanging fruit|Documentation and docgen|Javascript	Fill out feature comparison: `javascript-state-machine`
1112	Needs research|Competition|Publicity and visibility|Collected propaganda|Low hanging fruit|Documentation and docgen|Blocks others	Fill out feature comparison: `xstate`
1111	Documentation Generators|Chore|High priority|Competition|Publicity and visibility|Help sidebar|Status: Underway|Documentation and docgen	Tackle feature comparison table one machine at a time
1110	Needs research|Tooling|Machine use cases|Functional language|Graph language|Issue needs work|Integrations|Very powerful|List issue|Enhancement|Features	Basic posthooks
1108	Needs research|Tooling|Machine use cases|Use cases|Functional language|Issue needs work|Integrations|Very powerful|List issue|Enhancement|Features	Fluent basic hooks
1107	Needs research|Tooling|Machine use cases|Functional language|Graph language|Issue needs work|Integrations|Very powerful|List issue|Enhancement|Features|API	API basic hooks
1098	Tooling|Chore|Cleanup|Ease of use|Automation|Viz action|Ease of contribution|Status: Underway|Low hanging fruit	Unify tracker for jssm-viz-action
1097	Tooling|Documentation Generators|Cleanup|Ease of use|Automation|Ease of contribution|Status: Underway|Low hanging fruit	Unify tracker for typedoc-plugin-fsl
1096	Chore|Cleanup|Ease of use|Automation|Ease of contribution|Status: Underway|Low hanging fruit|Process	Unify tracker for fsl.tools
1095	Editors|Tooling|Cleanup|Ease of use|Automation|Ease of contribution|Status: Underway|Low hanging fruit	Unify tracker for fsl.tools/editor
1094	Tooling|Chore|Cleanup|Ease of use|Automation|Ease of contribution|Status: Underway|Low hanging fruit|Process	Unify tracker for fslp
1093	Tooling|Chore|Cleanup|Ease of use|Automation|Ease of contribution|Status: Underway|Low hanging fruit|Meta	Unify tracker for fsli
1091	Tooling|Chore|Cleanup|Ease of use|Automation|Ease of contribution|Status: Underway|Low hanging fruit	Unify tracker for fsl
1090	Tooling|Chore|Cleanup|Ease of use|Automation|Ease of contribution|Status: Underway|Low hanging fruit|Cli	Unify tracker for jssm-cli
1089	Cleanup|Ease of use|Automation|Ease of contribution|Status: Underway|Low hanging fruit|Process|Cli	Unify tracker for jssm-viz-cli
1088	Tooling|Chore|Cleanup|Ease of use|Automation|Integrations|Ease of contribution|Status: Underway|Low hanging fruit|Process	Unify tracker for jssm-viz
1087	Tooling|Chore|Cleanup|Ease of use|Automation|Ease of contribution|Status: Underway|Low hanging fruit|Process	Unify tracker for jssm
1086	Tooling|Ease of use|Issue needs work|Automation|List issue|Needs information	Unify tracker for jssm-viz-demo
1085	Tooling|Ease of use|Issue needs work|Automation|Integrations|List issue|Meta	WAIT YOU CAN ACTUALLY UNIFY ISSUE TRACKERS SORT OF
1072	Bug|Is blocked|Core|Typescript|Verified	`.actions()` has nonsense response when used on a state with no actions
1071	REPL|Bug|Is blocked|Core|Typescript	`.actions()` has nonsense response when used on a machine with no actions
1069	Publicity and visibility|Automation|Integrations|Workflows	Bring jssm-viz-demo twitter hook online
1068	Publicity and visibility|Automation|Integrations|Enhancement|Customer acquisition	Bring jssm-viz twitter hook online
1067	Publicity and visibility|Automation|Integrations|Enhancement|CI/CD	Bring jssm twitter hook online
1066	Needs implementation|Machine use cases|Ease of use|Needs tests|Status: Underway|Needs a feature|Enhancement|FSL	Support phi
1065	Needs implementation|Machine use cases|Ease of use|Needs tests|Status: Underway|Needs a feature|Enhancement|FSL	Support ln10e
1064	Needs implementation|Machine use cases|Functional language|Ease of use|Needs tests|Status: Underway|Enhancement|FSL	Support ln10
1063	Needs implementation|Machine use cases|Ease of use|Needs tests|Status: Underway|Needs a feature|Enhancement	Support ln2e
1062	Needs implementation|Machine use cases|Functional language|Ease of use|Needs tests|Status: Underway|Enhancement|FSL	Support ln2
1061	Needs implementation|Machine use cases|Ease of use|Needs tests|Status: Underway|Needs a feature|Enhancement|FSL	Support Sqrt 1/2
1060	Needs implementation|Machine use cases|Ease of use|Needs tests|Status: Underway|Enhancement|FSL|Features	Support Sqrt 2
1059	Needs implementation|Machine use cases|Ease of use|Needs tests|Status: Underway|Enhancement|FSL|Features	Support Euler's Constant
1058	Needs implementation|Machine use cases|Ease of use|Needs tests|Status: Underway|Needs a feature|Enhancement|FSL	Support Euler's E
1053	Chore|Automation|Meta	Move templates to fsl repo
1051	Needs implementation|Machine use cases|Ease of use|Needs tests|Status: Underway|Needs a feature|Enhancement|Internationalization	Support unicode equivalents for numerics
1050	Needs implementation|Machine use cases|Ease of use|Graph language|Needs tests|Status: Underway|Needs a feature|Enhancement|FSL	Support Epsilon
1049	Needs implementation|Machine use cases|Ease of use|Needs tests|Status: Underway|Needs a feature|Enhancement|FSL	Support MinPosNum
1048	Needs implementation|Machine use cases|Ease of use|Graph language|Needs tests|Status: Underway|Enhancement|FSL	Support MaxPosNum
1047	Needs implementation|Machine use cases|Ease of use|Needs tests|Status: Underway|Enhancement|FSL	Support MinSafeInt
1046	Needs implementation|Machine use cases|Ease of use|Needs tests|Status: Underway|Needs a feature|Enhancement|FSL	Support MaxSafeInt
1045	Needs implementation|Machine use cases|Ease of use|Needs tests|Types|Status: Underway|Needs a feature|Enhancement|FSL	Support NaN
1044	Needs implementation|Machine use cases|Ease of use|Needs tests|Status: Underway|Enhancement|FSL|Features	Support NInf
1043	Needs implementation|Machine use cases|Ease of use|Needs tests|Status: Underway|Enhancement|FSL	Support Inf
1042	Needs implementation|Machine use cases|Ease of use|Needs tests|Types|List issue|Status: Underway|Needs a feature|Enhancement|FSL	I guess now we need real JS numbers
1041	Needs research|Needs implementation|High priority|Machine use cases|Use cases|Static analysis|Functional language|Ease of use|Very powerful|Needs tests|Types|Status: Underway|Needs a feature|Enhancement|FSL	Prop requirement
1040	Needs research|Needs implementation|High priority|Machine use cases|Use cases|Functional language|Ease of use|Very powerful|Needs tests|Status: Underway|Needs a feature|Enhancement|FSL	State props make it into machine
1039	Needs research|Needs implementation|High priority|Machine use cases|Use cases|Functional language|Ease of use|Very powerful|Needs tests|Status: Underway|Needs a feature|Enhancement	Default props make it into machine
1038	Needs research|Needs implementation|High priority|Machine use cases|Use cases|Static analysis|Functional language|Ease of use|Graph language|Very powerful|Needs tests|Status: Underway|Enhancement|FSL	global properties cannot be repeated
1037	Needs research|Needs implementation|High priority|Machine use cases|Use cases|Functional language|Ease of use|Very powerful|Needs tests|Status: Underway|Enhancement|FSL	`.strict_prop` will throw instead of returning `undefined` for missing props
1036	Needs research|Needs implementation|High priority|Machine use cases|Use cases|Functional language|Ease of use|Graph language|Very powerful|Needs tests|Ahead of its time|Status: Underway|Enhancement|FSL	State prop array in grammar
1035	Needs research|Needs implementation|High priority|Machine use cases|Use cases|Functional language|Ease of use|Very powerful|Needs tests|Ahead of its time|Status: Underway|Needs a feature|Enhancement|FSL	State prop object in grammar
1034	Needs research|Needs implementation|High priority|Machine use cases|Use cases|Functional language|Ease of use|Graph language|Very powerful|Needs tests|Status: Underway|Enhancement|FSL	State prop string in grammar
1033	Needs research|Needs implementation|High priority|Machine use cases|Use cases|Functional language|Ease of use|Graph language|Very powerful|Needs tests|Status: Underway|Core|Enhancement|FSL	State prop number in grammar
1032	Needs research|Needs implementation|High priority|Machine use cases|Use cases|Functional language|Ease of use|Very powerful|Needs tests|Status: Underway|Core|Enhancement|FSL	State prop null in grammar
1031	Needs research|Needs implementation|High priority|Machine use cases|Use cases|Functional language|Ease of use|Graph language|Bug|Very powerful|Needs tests|Status: Underway|FSL	State prop undefineds in grammar
1030	Needs research|Needs implementation|High priority|Machine use cases|Use cases|Functional language|Ease of use|Graph language|Very powerful|Needs tests|Types|Status: Underway|Needs a feature|Enhancement|FSL	State prop booleans in grammar
1029	Needs research|Needs implementation|High priority|Machine use cases|Use cases|Functional language|Ease of use|Very powerful|Needs tests|Status: Underway|Enhancement|FSL|Codegen	State props make it through compiler
1028	Needs research|Needs implementation|High priority|Machine use cases|Use cases|Functional language|Ease of use|Very powerful|Needs tests|Status: Underway|Enhancement|Codegen	Default props make it through compiler
1025	Needs research|Needs implementation|High priority|Machine use cases|Use cases|Functional language|Ease of use|Very powerful|Needs tests|Types|Status: Underway|Needs a feature|Enhancement	Props must be able to express `undefined`
1024	Needs research|Needs implementation|High priority|Machine use cases|Use cases|Functional language|Ease of use|Very powerful|Needs tests|Status: Underway|Needs a feature|Enhancement|FSL|Features	State prop defaults
1023	Needs research|Needs implementation|High priority|Machine use cases|Use cases|Functional language|Ease of use|Very powerful|Needs tests|Status: Underway|Needs a feature|Enhancement	State prop overriding
1022	Needs research|Needs implementation|High priority|Machine use cases|Use cases|Functional language|Ease of use|Very powerful|Needs tests|Status: Underway|Core|Enhancement	Prop internal datastructure
1021	Needs research|Needs implementation|High priority|Machine use cases|Use cases|Functional language|Ease of use|Very powerful|Needs tests|Status: Underway|Enhancement|FSL	Can read validate property key with `.known_prop`
1020	Needs research|Needs implementation|High priority|Machine use cases|Use cases|Functional language|Ease of use|Very powerful|Needs tests|Status: Underway|Enhancement|Features|API	Can read all property keys with `.known_props`
1019	Needs research|Needs implementation|High priority|Machine use cases|Use cases|Functional language|Ease of use|Very powerful|Needs tests|Status: Underway|Needs a feature|Enhancement|API	Can read all properties with `.props`
1018	Needs research|Needs implementation|High priority|Machine use cases|Use cases|Functional language|Ease of use|Very powerful|Needs tests|Status: Underway|Needs a feature|Enhancement|FSL|Features	Can read a property with `.prop`
1012	Needs implementation|High priority|Ease of use|Very powerful|Status: Underway	Serialize must track compacting comment
1011	Needs implementation|High priority|Ease of use|Very powerful|Status: Underway|Core|Enhancement	Serialize must track compacting timestamp
1010	Needs implementation|Ease of use|Very powerful|Needs tests|Status: Underway|Needs a feature|Enhancement	Serialize must refuse to deserialize future versions
1009	Needs implementation|High priority|Ease of use|Very powerful|Status: Underway|Core|Enhancement	Serialize must track the relevant machine version
1006	Needs implementation|High priority|Ease of use|Very powerful|Status: Underway|Core|Enhancement|Typescript|Features	Serialize must handle history
1005	Needs implementation|High priority|Ease of use|Very powerful|Status: Underway|Core|Enhancement|Features	Serialize must handle data
1004	Needs implementation|High priority|Ease of use|Very powerful|Status: Underway|Core|Enhancement|Features	Serialize must handle state
1003	Needs implementation|High priority|Ease of use|Very powerful|Status: Underway|Needs a feature|Enhancement|Features|API	deserialize/2
1002	Needs implementation|High priority|Ease of use|Very powerful|Status: Underway|Enhancement|Features	deserialize/1
1001	Needs implementation|High priority|Ease of use|Very powerful|Status: Underway|Core|Enhancement	serialize/1
1000	Needs implementation|High priority|Ease of use|Very powerful|Status: Underway|Needs a feature|Core|Enhancement	serialize/0
999	Needs implementation|Tooling|Machine use cases|Ease of use|Issue needs work|List issue|Status: Underway|Needs a feature|Enhancement|API	Serialize and deserialize
998	High priority|Test suite|Issue needs work|Needs tests|Low hanging fruit|Enhancement|Visualizations	Viz needs real tests
997	High priority|Bug|Integrations|Build|Dependencies|Visualizations	Viz is broken - not exporting underlying machine
995	Tooling|Documentation Generators|High priority|Integrations|Collected propaganda|Status: Underway|Documentation and docgen|Build|Dependencies|Enhancement|FSL	Bump CLOC to support FSL, PEG in code breakdown
993	Graph language|Bug|Core|FSL	Remove `=` from valid atom letters to cope with `a=>b;` not parsing (le sigh)
992	Needs research|Needs implementation|Machine use cases|Stochastics|Status: Underway|Enhancement	Change randomness to use splitmix randomizer
991	Needs research|Machine use cases|Stochastics|Status: Underway|Stochastic machines|Is blocked|Needs a feature|Enhancement	Add the ability to seed the random generator from the constructor
990	Needs research|Machine use cases|Stochastics|Status: Underway|Stochastic machines|Is blocked|Needs a feature|Enhancement	Add the ability to seed the random generator at runtime
989	Tooling|Documentation Generators|Chore|Cleanup|Documentation and docgen|Typescript	Get rid of TypeDoc warnings about Typescript version
988	Tooling|Chore|Cleanup|Low hanging fruit|Documentation and docgen|Typescript	Get rid of TypeDoc warnings about missing/non-exported properties
987	Test suite|Stochastics|Automation|Very powerful|Needs tests|Status: Underway|Enhancement	Add a third "kitchen sink" stoch test path
985	Needs implementation|Tooling|Documentation Generators|Chore|Readme|Automation|Integrations|Status: Underway|Low hanging fruit|Documentation and docgen|Is blocked|Cli|Blocks others	Tool CLOC for reports and README
981	Tooling|Chore|Static analysis|Automation|Status: Underway|Documentation and docgen|Blocks others	Code quality report
977	Chore|High priority|Ease of use|Status: Underway|Low hanging fruit|Enhancement|API	fluent post_after hook
976	Chore|High priority|Ease of use|Status: Underway|Low hanging fruit|Enhancement|API|Blocks others	fluent post_tape_output hook
975	Chore|High priority|Ease of use|Status: Underway|Low hanging fruit|Enhancement|Typescript|Blocks others	fluent post_tape_input hook
974	Chore|High priority|Ease of use|Status: Underway|Low hanging fruit|Needs a feature|Enhancement|Typescript|API	fluent post_terminate hook
973	Chore|High priority|Ease of use|Status: Underway|Low hanging fruit|Needs a feature|Enhancement|API	fluent post_start hook
972	Chore|High priority|Ease of use|Status: Underway|Low hanging fruit|Needs a feature|Core|Enhancement|Typescript|API	fluent post_reset hook
971	Chore|High priority|Ease of use|Status: Underway|Low hanging fruit|Needs a feature|Enhancement|Typescript|API	fluent post_error hook
970	Chore|High priority|Ease of use|Status: Underway|Low hanging fruit|Enhancement|Typescript	fluent post_rejection hook
969	Chore|High priority|Ease of use|Status: Underway|Low hanging fruit|Needs a feature|Enhancement|API	fluent post_any_action hook
968	Chore|High priority|Ease of use|Status: Underway|Low hanging fruit|Enhancement|Typescript|Features|API	fluent post_global_action hook
967	Chore|High priority|Ease of use|Status: Underway|Low hanging fruit|Core|Enhancement|Features|API	fluent post_action hook
966	Chore|High priority|Ease of use|Status: Underway|Low hanging fruit|Needs a feature|Enhancement|Typescript	fluent post_forced_transition hook
965	Chore|High priority|Ease of use|Status: Underway|Low hanging fruit|Core|Enhancement|Features|API	fluent post_main_transition hook
964	Chore|High priority|Ease of use|Status: Underway|Low hanging fruit|Enhancement|Typescript|API	fluent post_standard_transition hook
963	Needs implementation|Chore|High priority|Ease of use|Status: Underway|Low hanging fruit|Enhancement|Typescript|API	fluent post_any_transition hook
962	Chore|High priority|Ease of use|Status: Underway|Low hanging fruit|Needs a feature|Enhancement|API	fluent post_exit hook
961	Chore|High priority|Ease of use|Status: Underway|Low hanging fruit|Needs a feature|Enhancement|API	fluent post_entry hook
960	Chore|High priority|Ease of use|Status: Underway|Low hanging fruit|Enhancement|API	fluent post_transition hook
959	Chore|List issue|Status: Underway|Enhancement|API	Clone fluent api calls of `set_hook` for post-hooks
958	Chore|Status: Underway|Refactor|Core|Typescript	Clone call points in `set_hook` for post-hooks
957	Chore|Status: Underway|Core|Typescript	Clone hook datastructures for posthooks
956	Chore|Status: Underway|Refactor|Core|Typescript	Rewire transitions for posthooks
954	Ease of use|Graph language|Very powerful|Needs a feature|Solution proposed|Enhancement|Question|Status: Needs design	May a next hook abuse the edge graph?
952	Needs research|Needs implementation|Functional language|Graph language|Very powerful|Status: Underway|Uncertain|Needs a feature|Enhancement|API	Hook 'next'
951	Functional language|Ease of use|Status: Underway|Needs a feature|Core|Enhancement	History keeps data
950	Functional language|Ease of use|Status: Underway|Enhancement|Needs information	History keeps state
949	Functional language|Ease of use|Status: Underway|Core|Enhancement|Features|API	Can fetch history
948	Functional language|Ease of use|Status: Underway|Needs a feature|Core|Enhancement	Can change history length dynamically
947	Functional language|Ease of use|Status: Underway|Needs a feature|Core|Enhancement	Can specify history length in constructor
946	Needs implementation|Chore|Needs a feature|Core|Enhancement	Machine has an internal member to track history
945	Chore|Needs a feature|Dependencies|Enhancement	add circular_buffer_js
944	Test suite|Automation|CI/CD|Blocks others	Capture test results
938	Needs implementation|High priority|Functional language|Very powerful|Status: Underway|Needs a feature|Core|Enhancement	Return from hooks: complex return type: support rejection
932	Needs implementation|High priority|Functional language|Very powerful|Types|Status: Underway|Needs a feature|Core|Enhancement	Return from hooks: complex return type: support data change
931	Needs implementation|High priority|Functional language|Very powerful|Types|Status: Underway|Core|Enhancement|FSL	Return from hooks: add complex return type support
930	Needs implementation|High priority|Functional language|Very powerful|Types|Status: Underway|Typescript	Return from hooks: define and propagate return type of all hooks
929	Needs implementation|High priority|Machine use cases|Functional language|Test suite|Ease of use|Graph language|Very powerful|Status: Underway|Enhancement|Features	Can read Mealy data from outside (not write!)
927	Needs implementation|High priority|Machine use cases|Functional language|Test suite|Ease of use|Graph language|Very powerful|Status: Underway|Core|Enhancement	Hook rejection maintains original data state
926	Needs implementation|High priority|Machine use cases|Functional language|Test suite|Ease of use|Graph language|Bug|Very powerful|Status: Underway|Core	Hooks receive previous hooks' modified state, not base state
925	Needs implementation|High priority|Machine use cases|Functional language|Test suite|Ease of use|Graph language|Very powerful|Status: Underway|Needs a feature|Enhancement|FSL	Can return modified data state from hooks
924	Needs implementation|High priority|Machine use cases|Functional language|Test suite|Ease of use|Graph language|Very powerful|Status: Underway|Needs a feature|Core|Enhancement	Can read data state in hooks
923	Needs implementation|High priority|Machine use cases|Use cases|Functional language|Test suite|Ease of use|Graph language|Very powerful|Status: Underway|Needs a feature|Enhancement|API	Can set initial data state in constructor
922	Needs implementation|High priority|Machine use cases|Functional language|Ease of use|Issue needs work|Integrations|Types|List issue|Needs a feature|Core|Enhancement|Features|Big picture	Let's support Mealy data! 🥂 
918	Package managers|Chore|Publicity and visibility|Ease of use|Automation|Integrations|Collected propaganda|Environments|CDN|Cli	Produce jssm-viz-cli on deno-land
915	Tooling|Package managers|Chore|Publicity and visibility|Ease of use|Automation|Integrations|Collected propaganda|Environments|CDN|Enhancement	Produce jssm on deno-land
906	Needs implementation|High priority|Machine use cases|Use cases|Graph language|Integrations|Very powerful|Needs tests|Machine exposition|Status: Underway|Needs a feature|Core|Enhancement|API	post_any_action
905	Needs implementation|High priority|Machine use cases|Use cases|Graph language|Integrations|Very powerful|Needs tests|Machine exposition|Status: Underway|Needs a feature|Core|Enhancement|API	post_global_action
904	Needs implementation|High priority|Machine use cases|Use cases|Graph language|Integrations|Very powerful|Needs tests|Machine exposition|Status: Underway|Needs a feature|Core|Enhancement|Features	post_action
903	Needs implementation|High priority|Machine use cases|Use cases|Graph language|Integrations|Very powerful|Needs tests|Machine exposition|Status: Underway|Needs a feature|Core|Enhancement	post_forced_transition
902	Needs implementation|High priority|Machine use cases|Use cases|Graph language|Integrations|Very powerful|Needs tests|Machine exposition|Status: Underway|Needs a feature|Core|Enhancement|FSL	post_main_transition
901	Needs implementation|High priority|Machine use cases|Use cases|Graph language|Integrations|Very powerful|Needs tests|Machine exposition|Status: Underway|Needs a feature|Core|Enhancement|Features|API	post_standard_transition
900	Needs implementation|High priority|Machine use cases|Use cases|Graph language|Integrations|Very powerful|Needs tests|Machine exposition|Status: Underway|Needs a feature|Core|Enhancement|API	post_any_transition
899	Needs implementation|High priority|Machine use cases|Use cases|Graph language|Integrations|Very powerful|Needs tests|Machine exposition|Status: Underway|Needs a feature|Enhancement|FSL|Features	post_exit
898	Needs implementation|High priority|Machine use cases|Use cases|Graph language|Integrations|Very powerful|Needs tests|Machine exposition|Status: Underway|Needs a feature|Core|Enhancement	post_entry
897	Needs implementation|High priority|Machine use cases|Use cases|Graph language|Integrations|Very powerful|Needs tests|Machine exposition|Status: Underway|Needs a feature|Enhancement|Features	post_transition
896	Needs implementation|High priority|Machine use cases|Use cases|Graph language|Issue needs work|Integrations|Very powerful|Needs tests|List issue|Machine exposition|Core|Enhancement|Features	Posthooks
895	Cleanup|Ease of use|Bug|Status: Underway|Enhancement|API	from and to should be on all hooks, not just the ones using them
885	Tooling|Publicity and visibility|Automation|Integrations|CI/CD	Bring jssm-viz-cli discord hook online
884	Publicity and visibility|Automation|Integrations|CI/CD|Community	Bring jssm-viz-demo discord hook online
883	Publicity and visibility|Automation|Integrations|Enhancement|CI/CD	Bring jssm-viz discord hook online
882	Needs implementation|Publicity and visibility|Automation|Integrations|CI/CD|Community	Bring jssm discord hook online
876	Bug|Integrations|Build|Blocks others	Somewhere along the line, jssm-viz is picking up iife instead of es6 for rollup (ew)
868	Needs implementation|Tooling|Package managers|Chore|Cleanup|Publicity and visibility|Automation|Integrations|Ease of contribution|Status: Underway|Environments|Enhancement|Build infrastructure|CI/CD	Automatically update jssm-viz-demo from jssm-viz updates
866	Needs implementation|Tooling|Package managers|Chore|Cleanup|Publicity and visibility|Automation|Integrations|Ease of contribution|Status: Underway|Environments|Dependencies|CI/CD|Cli	Automatically update jssm-viz-cli from jssm-viz updates
865	Needs implementation|Tooling|Package managers|Chore|Cleanup|Publicity and visibility|Automation|Integrations|Ease of contribution|Status: Underway|Environments|Dependencies|CI/CD|Cli|Workflows	Automatically update jssm-cli from jssm updates
864	Needs implementation|Tooling|Package managers|Chore|Cleanup|Publicity and visibility|Automation|Integrations|Ease of contribution|Status: Underway|Environments|Dependencies|Enhancement|CI/CD	Automatically update jssm-viz from jssm updates
859	Needs implementation|Documentation Generators|Chore|Graph language|Integrations|Visual improvements|Ease of contribution|Low hanging fruit|Rendering compatibility|Needs a feature|Enhancement|FSL|Visualizations	Default size attribute
848	Bug|Visual improvements|Color|Frontend|Cosmetic|Accessibility	manual color scheme was terrible in dark mode
846	Tooling|Automation|Integrations|Ease of contribution|Enhancement|CI/CD	CI/CD of jssm should update jssm-viz-demo
845	Tooling|Automation|Integrations|Ease of contribution|CI/CD	CI/CD of jssm should update jssm-viz
844	Package managers|Collected propaganda|List issue|CDN|Enhancement	Add SkyPack to CDN list
843	Package managers|Chore|Bug|Automation|CDN|Blocks others	cdnpkg / unpkg have jssm, but it's all the way back at 5.39.0?
840	Examples|High priority|Competition|Ease of use|Tutorials|Help sidebar|Status: Underway|Low hanging fruit|Documentation and docgen	Sidebar Tutorial: Lines of Code shootout
839	Examples|Ease of use|Tutorials|Help sidebar|Status: Underway|Low hanging fruit|Documentation and docgen|Enhancement	Sidebar Tutorial: Feature comparison
830	Chore|Publicity and visibility|Ease of use|Integrations|Collected propaganda|CDN	Add to Microsoft Ajax Content CDN
829	Chore|Publicity and visibility|Ease of use|Integrations|Collected propaganda|CDN|Needs external	Add to Google Hosted Libraries CDN
827	Publicity and visibility|Ease of use|Bug|Integrations|Low hanging fruit|CDN|Build|Package Quality|Javascript	Add `browser` field pointing to IIFE for jsDelivr
825	Tooling|Chore|Bug|Size improvement|Documentation and docgen|Build|CI/CD	Can't publish in pipeline because CHANGELOG is over 128k
824	Status: Underway|Documentation and docgen|Enhancement|Website|Community	Community page in docs
823	Cleanup|Automation|Integrations|Performance|Low hanging fruit|Build|Build infrastructure|CI/CD	Separate benchmark out of main ci build; move it to its own step
822	Examples|Competition|Publicity and visibility|Ease of use|Collected propaganda|Example source|Status: Underway|Documentation and docgen|Enhancement|Website	Write a page comparing FSL to other machines' notations, one by one
818	Ease of use|Tutorials|Status: Underway|Documentation and docgen|Enhancement	Write a getting started page
817	Needs implementation|Status: Underway|Documentation and docgen|Enhancement|Website	Write a documentation-only landing page
815	Status: Underway|Documentation and docgen|API	Write an API reference
814	Needs implementation|Status: Underway|Documentation and docgen|FSL	Write a language reference
812	Visual improvements|Status: Underway|Documentation and docgen|Frontend|Enhancement|CSS|Website	Provide a better documentation theme
810	Chore|Ease of use|Graph language|Good first issue|Enhancement|FSL	Create synonym `go` for `transition`
809	Chore|Ease of use|Good first issue|Low hanging fruit|Enhancement|FSL	Create synonym `do` for `action`
808	Documentation Generators|Chore|Ease of use|Types|Ease of contribution|Low hanging fruit|Documentation and docgen|Enhancement	Add @typeparam
807	Chore|Ease of use|Good first issue|Ease of contribution|Low hanging fruit|Documentation and docgen	Document force_transition
806	Chore|Ease of use|Ease of contribution|Documentation and docgen	Document action
805	Chore|Ease of use|Graph language|Ease of contribution|Documentation and docgen|FSL	Document transition
804	Chore|Test suite|Performance|Low hanging fruit|Size: tiny|Fixed	Lower benchmark count from 500 to 100
803	Chore|Ease of use|Ease of contribution|Documentation and docgen|Fixed|API	Document list_transitions
802	Chore|Ease of use|Ease of contribution|Documentation and docgen|API	Document list_exits
801	Chore|Ease of use|Ease of contribution|Documentation and docgen|API	Document list_entrances
800	Chore|Ease of use|Ease of contribution|Documentation and docgen|Fixed|API	Document list_edges
799	Chore|Ease of use|Good first issue|Ease of contribution|Low hanging fruit|Documentation and docgen|Difficulty: easy|API	Document list_states_having_action
798	Chore|Ease of use|Good first issue|Ease of contribution|Documentation and docgen|FSL	Document actions
797	Chore|Ease of use|Good first issue|Ease of contribution|Low hanging fruit|Documentation and docgen|Difficulty: easy|Size: small|API	Document state_is_final
796	Chore|Ease of use|Good first issue|Ease of contribution|Low hanging fruit|Documentation and docgen|Difficulty: easy|API	Document is_final
795	Editors|Examples|Ease of use|Widgets|Example source|Documentation and docgen|Enhancement	Live Editor should have a dropdown with a list of example machines
794	Tooling|Documentation and docgen|Enhancement|CSS	Inject CSS into TypeDoc stuff
793	Chore|Ease of use|Good first issue|Ease of contribution|Low hanging fruit|Documentation and docgen|Difficulty: easy|Size: tiny|API	Document has_state
792	Chore|Ease of use|Ease of contribution|Documentation and docgen|Core|FSL	Document states
791	Chore|Ease of use|Ease of contribution|Documentation and docgen|Needs information	Document state
790	Chore|Ease of use|Good first issue|Ease of contribution|Low hanging fruit|Documentation and docgen|Typescript	Document arr_uniq_p
789	Documentation Generators|Chore|Ease of use|Ease of contribution|Documentation and docgen|API	Document named_hook_name
788	Chore|Ease of use|Ease of contribution|Documentation and docgen|Fixed|API	Document hook_name
787	Chore|Ease of use|Ease of contribution|Documentation and docgen|FSL|Features	Document histo
786	Chore|Ease of use|Ease of contribution|Documentation and docgen|API	Document seq
785	Chore|Ease of use|Ease of contribution|Documentation and docgen|API	Document sm
784	Chore|Ease of use|Ease of contribution|Documentation and docgen|API	Document from
783	Chore|Ease of use|Ease of contribution|Documentation and docgen|Core|Typescript|Fixed	Document internal method transfer_state_properties
782	Tooling|Chore|Ease of use|Ease of contribution|Documentation and docgen|Build	Document make
781	Documentation Generators|Chore|Ease of use|Ease of contribution|Documentation and docgen|Codegen	Document compile
780	Chore|Ease of use|Ease of contribution|Documentation and docgen|Codegen	Document internal method compile_rule_handler
779	Chore|Ease of use|Ease of contribution|Documentation and docgen|Typescript|Codegen	Document internal method compile_rule_handle_transition
778	Chore|Ease of use|Good first issue|Ease of contribution|Low hanging fruit|Documentation and docgen|Codegen	Document internal method compile_rule_transition_step
777	Chore|Ease of use|Good first issue|Ease of contribution|Low hanging fruit|Documentation and docgen|Difficulty: easy|Typescript	Document internal method makeTransition
776	Needs implementation|Chore|Ease of use|Good first issue|Ease of contribution|Low hanging fruit|Documentation and docgen|Typescript	Document internal method wrap_parse
775	Chore|Ease of use|Ease of contribution|Documentation and docgen|API	Document arrow_right_kind
774	Chore|Ease of use|Good first issue|Ease of contribution|Low hanging fruit|Documentation and docgen|Typescript	Document arrow_left_kind
773	Chore|Ease of use|Graph language|Ease of contribution|Documentation and docgen|Visualizations	Document arrow_direction
771	Needs implementation|High priority|Machine use cases|Use cases|Functional language|Ease of use|Issue needs work|Integrations|Very powerful|Needs tests|Ahead of its time|Machine exposition|Status: Underway|Enhancement|FSL|Features	Property default array in grammar
770	Needs implementation|High priority|Machine use cases|Use cases|Functional language|Ease of use|Issue needs work|Integrations|Very powerful|Needs tests|Ahead of its time|Machine exposition|Status: Underway|Enhancement|FSL|Features	Property default object in grammar
769	Needs implementation|High priority|Machine use cases|Use cases|Functional language|Ease of use|Graph language|Issue needs work|Integrations|Very powerful|Needs tests|Machine exposition|Status: Underway|Enhancement|FSL|Features	Property default string in grammar
768	Needs implementation|High priority|Machine use cases|Use cases|Functional language|Ease of use|Graph language|Issue needs work|Integrations|Very powerful|Needs tests|Machine exposition|Status: Underway|Enhancement|FSL	Property default number in grammar
767	Needs implementation|High priority|Machine use cases|Use cases|Functional language|Ease of use|Issue needs work|Integrations|Very powerful|Needs tests|Machine exposition|Status: Underway|Enhancement|FSL	Property default null in grammar
766	Needs implementation|High priority|Machine use cases|Use cases|Functional language|Ease of use|Bug|Issue needs work|Integrations|Very powerful|Needs tests|Machine exposition|Status: Underway|FSL	Property default undefined in grammar
765	Needs implementation|High priority|Machine use cases|Use cases|Functional language|Ease of use|Issue needs work|Integrations|Very powerful|Needs tests|Machine exposition|Status: Underway|Enhancement|FSL	Property default boolean in grammar
764	Needs implementation|High priority|Machine use cases|Use cases|Functional language|Ease of use|Graph language|Issue needs work|Integrations|Very powerful|Needs tests|List issue|Machine exposition|Status: Underway|Needs a feature|Core|Enhancement|FSL	Basic property with default in grammar
763	Needs implementation|High priority|Machine use cases|Use cases|Functional language|Ease of use|Graph language|Issue needs work|Integrations|Very powerful|Needs tests|Machine exposition|Status: Underway|Enhancement|FSL|Features	Basic property, no default in grammar
761	Needs implementation|High priority|Machine use cases|Use cases|Functional language|Ease of use|Issue needs work|Integrations|Very powerful|Needs tests|List issue|Machine exposition|Enhancement|FSL|Features	Modern property notation
760	Cleanup|Automation|Build|CI/CD	Make parallelization dependant on both verify and build
759	Cleanup|Automation|Performance|Build infrastructure|CI/CD	Move benny to distinct parallel step
758	Tooling|Cleanup|Automation|Build|CI/CD	Don't block verify version on build
755	Needs implementation|Tooling|Chore|Ease of use|Types|Core|Enhancement|Typescript	JssmError type extension of Error class
754	Needs implementation|Functional language|Ease of use|Integrations|Status: Underway|Core|Enhancement|API	.from's second argument should be constructor properties
753	Needs implementation|Cleanup|Ease of use|Integrations|Needs tests|Status: Underway|Enhancement|API	Needs a .from(string)
751	Needs implementation|Tooling|Machine use cases|Functional language|Test suite|Graph language|Issue needs work|Integrations|Very powerful|Performance|Status: Underway|Core|Enhancement|Breaking change	Convert hooks to returned object, to support input and output, error messages with hook rejection, forced transfers, etc
746	Needs implementation|Tooling|Functional language|Test suite|Ease of use|Graph language|Integrations|Types|Status: Underway|Core|Enhancement	Improved error object member: instance name at error time
743	Needs implementation|Tooling|Functional language|Test suite|Ease of use|Graph language|Integrations|Status: Underway|Core|Enhancement|Fixed	Improved error object member: target state at error time
742	Needs implementation|Tooling|Functional language|Test suite|Ease of use|Graph language|Integrations|Types|Status: Underway|Enhancement|API	Improved error object member: state at error time
741	Needs implementation|Tooling|Functional language|Test suite|Ease of use|Graph language|Integrations|Types|Status: Underway|Enhancement	Improved error object member: base message
740	Needs implementation|Tooling|Functional language|Test suite|Ease of use|Graph language|Integrations|Types|Status: Underway|Enhancement|Fixed	Materialized error message for improved error object
739	Needs implementation|Tooling|Status: Underway|Refactor|Core|Typescript|Blocks others	Run all errors through shared error message writing point
738	Test suite|Performance|Enhancement|Fixed	Add kitchen sink hook benchmark
737	Chore|Test suite|Performance|Status: Underway|Enhancement	Improve benchmark set
734	Test suite|Ease of use|Bug|Core|Typescript|API	Setting hooks should throw on missing or erroneously present properties
733	Tooling|Test suite|Performance|Enhancement	Improve hook type benchmarking, to encourage me to finish the speed flags
725	Tooling|Cleanup|Static analysis|Ease of use|Automation|Ease of contribution	Set up new eslint rules for the new major
724	Tooling|Documentation Generators|Chore|Cleanup|Dependencies	Bump typedoc
723	Chore|Cleanup|Dependencies|Maintenance	Bump eslint
722	Tooling|Chore|Cleanup|Dependencies|Typescript|Maintenance	Bump tscheck
721	Tooling|Chore|Cleanup|Size improvement|Minifier|Status: Underway|Build|Is blocked	Tune terser
720	Chore|Cleanup|Minifier|Dependencies|Javascript	Bump Terser
719	Chore|Cleanup|Test suite|Ahead of its time|Status: Not planned|Dependencies	Bump Jest
718	Chore|Cleanup|Build|Dependencies|Fixed	Bump Rollup
717	Chore|Cleanup|Dependencies|Typescript	Bump Typescript
716	High priority|Performance|Status: Underway|Is blocked|Core|Enhancement|Typescript	activity flag hook types one at a time to reduce performance impact
715	Chore|Cleanup|Build|Dependencies|Typescript|Modernize	Modernize tsconfig in preparation for bumping TS
714	Tooling|Chore|Cleanup|List issue|Dependencies|Typescript|Modernize	Bump TS and related tools
713	Tooling|Integrations|Low hanging fruit|CDN|Build|Package Quality|Enhancement	Add export map to raise skypack quality score
711	Package managers|High priority|Cleanup|Bug|Build|Package Quality	Correct bizarro-land drop in npmjs quality rating
709	Chore|Low priority|Cleanup|Ease of contribution|Status: Underway|Refactor|Core|Technical debt	Unify implentations of transition and action
707	Chore|Low priority|Cleanup|Ease of contribution|Status: Underway|Refactor|Core|Technical debt	Unify implentations of transition and force_transition
703	Issue needs work|Needs tests|Machine exposition|Uncertain|Core|Enhancement|API|Blocks others	Machine should expose known actions
702	Needs research|Ease of use|Enhancement|FSL|Status: Needs design|API|Blocks others	Ambiguity hooking syntax
701	Needs implementation|High priority|Machine use cases|Functional language|Very powerful|Core|Enhancement	Rejecting in a hook
700	Ease of use|Needs a feature|Core|Enhancement|Typescript|API	External hooking API
698	Needs implementation|Chore|Machine use cases|Ease of use|Good first issue|Integrations|Is blocked|Needs a feature|Enhancement|API	After fluent hook
689	Needs implementation|Chore|Machine use cases|Ease of use|Good first issue|Integrations|Is blocked|Needs a feature|Enhancement|Typescript|API	Any action fluent hook
688	Needs implementation|Chore|Machine use cases|Ease of use|Good first issue|Integrations|Is blocked|Needs a feature|Enhancement|Typescript|API	Global action fluent hook
687	Needs implementation|Chore|Machine use cases|Ease of use|Good first issue|Integrations|Is blocked|Needs a feature|Enhancement|API	Global action fluent hook
686	Needs implementation|Chore|Machine use cases|Ease of use|Good first issue|Integrations|Status: Underway|Is blocked|Enhancement|Javascript|Typescript|API	Forced transition fluent hook
685	Needs implementation|Chore|Machine use cases|Ease of use|Good first issue|Integrations|Is blocked|Needs a feature|Enhancement|Typescript|API	Main transition fluent hook
684	Needs implementation|Chore|Machine use cases|Ease of use|Good first issue|Integrations|Is blocked|Solution proposed|Enhancement|Javascript|API	Standard transition fluent hook
683	Needs implementation|Chore|Machine use cases|Ease of use|Good first issue|Integrations|Is blocked|Enhancement|Javascript|API	Any-transition fluent hook
682	Needs implementation|Chore|Machine use cases|Ease of use|Good first issue|Integrations|Status: Underway|Is blocked|Enhancement|Javascript|Typescript|API	Exit fluent hook
681	Needs implementation|Chore|Machine use cases|Ease of use|Good first issue|Integrations|Status: Underway|Is blocked|Difficulty: easy|Enhancement|API	Entry fluent hook
680	Needs implementation|Chore|Machine use cases|Ease of use|Good first issue|Integrations|Status: Underway|Is blocked|Enhancement|Javascript|FSL|Features|API	Named fluent hook
679	Needs implementation|Chore|Machine use cases|Ease of use|Good first issue|Integrations|Status: Underway|Is blocked|Needs a feature|Enhancement|Javascript|API	Basic fluent hook
678	Needs implementation|Machine use cases|Is blocked|Enhancement|Typescript|API	API After Hooks
670	Needs implementation|Machine use cases|Is blocked|Solution proposed|Enhancement|Typescript|API	API Any Action Hooks
669	Needs implementation|Machine use cases|Is blocked|Core|Enhancement|API	API Global Action Hooks
668	Needs implementation|Machine use cases|Is blocked|Enhancement|API	API Main Transition Hooks
667	Needs implementation|Machine use cases|Is blocked|Needs a feature|Enhancement|API	API Forced Transition Hooks
666	Needs implementation|Machine use cases|Is blocked|Needs a feature|Enhancement|API	API Standard Transition Hooks
665	Needs implementation|Machine use cases|Is blocked|Core|Enhancement|Features|API	API Any-transition Hooks
664	Needs implementation|Machine use cases|Status: Underway|Is blocked|Core|Enhancement|API	API Exit Hooks
663	Needs implementation|Machine use cases|Status: Underway|Is blocked|Enhancement|Typescript|API	API Entry Hooks
662	Needs implementation|Machine use cases|Is blocked|Enhancement|Typescript|API	API Named Hooks
661	Needs implementation|Machine use cases|Is blocked|Core|Enhancement|Javascript|API	API Basic Hooks
660	Needs implementation|Machine use cases|List issue|Machine exposition|Core|Enhancement|Typescript|API	set_hook baseline api call
658	Needs research|Integrations|Very powerful|Needs a feature|Enhancement	eventEmitter support
657	Needs implementation|Chore|Performance|Refactor|Core|Typescript|Technical debt	Gear out `this._has_hooks`
656	Test suite|Needs tests|Performance|Enhancement	Add benchmarks that differentiate `with-hooks` from `without-hooks`
655	Needs implementation|Performance|Core|Enhancement|Typescript	Introduce `has_hooks` internal flag to skip action seeking when no hooks were set
654	Tooling|Test suite|Very powerful|Needs tests|Performance|Enhancement|Javascript|Blocks others	Differential benching in Benny
650	Needs research|Cleanup|Build|Dependencies|Question	viz.js is in the jssm devdeps list.  should it be?
644	Needs implementation|Functional language|Test suite|Graph language|Enhancement|FSL	hooks: open; and hooks: closed; in grammar
643	Needs research|Documentation Generators|Chore|Cleanup|Publicity and visibility|Readme|Ease of use|Tutorials|Issue needs work|Help sidebar|Collected propaganda|List issue|Low hanging fruit|Documentation and docgen|Big picture|Meta	Master feature table
627	Needs implementation|Functional language|Integrations|Needs tests|Machine exposition|Enhancement|FSL	on_transition_to in grammar
626	Needs implementation|Functional language|Graph language|Integrations|Needs tests|Machine exposition|Enhancement|FSL	on_transition_from in grammar
614	Process|Big picture|Meta	Let's get some milestones together
613	Highlighters|Documentation Generators|Chore|Publicity and visibility|Ease of use|Dependencies|FSL	Bump typedoc to highlight FSL
612	Highlighters|Needs implementation|Tooling|Documentation Generators|Publicity and visibility|Integrations|Ease of contribution|Enhancement	Add Shiki highlighter (textmate)
609	Graph language|Bug|Visualizations|Codegen	filled style is coming out incorrectly in DOT
607	Examples|Graph language|Documentation and docgen	The Punjabi Name Theory
605	Editors|Needs implementation|Chore|Low priority|Ease of use|Frontend|Needs a feature|Enhancement|Web	Need a local configuration system in localStorage
604	Editors|Ease of use|Visual improvements|Frontend|Enhancement	Add Ability to save current editor theme to localStorage
603	Editors|Low priority|Ease of use|Widgets|Needs a feature|Enhancement|Visualizations	Add ability to disable viewer
602	Editors|Needs implementation|Low priority|Ease of use|Needs a feature|Enhancement	Add ability to disable editor
601	Editors|Low priority|Ease of use|Frontend|Needs a feature|Enhancement	Add ability to swap panes (editor left instad of editor right)
600	Editors|Low priority|Ease of use|Frontend|Enhancement	Add vertical layout (editor above/below instead of left/right)
598	Test suite|Graph language|Needs tests|Low hanging fruit	Empty string mustn't be a valid state name
597	Needs implementation|High priority|Machine use cases|Functional language|Ease of use|Very powerful|Needs a feature|Enhancement|Typescript	Empty string is the any-state hook
596	Needs implementation|High priority|Machine use cases|Functional language|Ease of use|Very powerful|Needs a feature|Enhancement|Typescript|API	Hooks should be fluent .hook on the machine, called as a post effect of sm``
593	Tooling|Chore|Test suite|Performance	Start benching
588	Needs research|Static analysis|Test suite|Ease of use|Issue needs work|Integrations|List issue|Machine exposition|Low hanging fruit|Needs a feature|Enhancement|API	The machine should expose more constants and lists
578	Chore|Cleanup|Ease of contribution|List issue|Refactor|Core|Technical debt	Pull apart the compiler and the executor
560	Tooling|Test suite|Stochastics|Stochastic machines|Enhancement	Stochastic testing tools in place
559	Chore|Cleanup|Publicity and visibility|Ease of use|Good first issue|Visual improvements|Low hanging fruit|Frontend|Enhancement|Website	Make a nicer landing page with logos
558	Highlighters|Needs research|Tooling|Documentation Generators|Chore|High priority|Competition|Publicity and visibility|Integrations|FSL	Find out what highlighter TypeDoc uses, and get fsl into it
555	Chore|High priority|Cleanup|Test suite|Stochastics|Needs tests|Blocks others	Get your 100% coverage back!
554	Tooling|Cleanup|Test suite|Bug|Bug is upstream	One-line coverage fault
553	Test suite|Bug|Needs tests|Types|Typescript	Make TS allow bad arguments in test sets
552	Chore|High priority|Cleanup|Test suite|Automation|Build infrastructure|CI/CD	re-enable cross-ver cross-platf testing
551	Tooling|Chore|Cleanup|Bug|Automation|Low hanging fruit|Enhancement	text_audit should remove zero rows, spammy at this many tokens
550	Tooling|Chore|Cleanup|Static analysis|Bug|Automation	text_audit isn't covering uppercase variants
549	Tooling|Chore|Cleanup|Bug|Automation|Typescript	text_audit isn't covering TS
548	Needs research|High priority|Cleanup|Graph language|Issue needs work|Types|Refactor|Question|Status: Needs design	are `kind`, `forced_only`, and `main_path` redundant?
546	Needs research|Tooling|Test suite|Build|Javascript	Jest build problem (moving forwards anyway but jeez)
544	Documentation Generators|Chore|Cleanup|Automation|Documentation and docgen|Build	re-enable doc gen
543	Chore|Cleanup|Types|Refactor|Typescript	Wrap parse(any, any) in parse(string, Object)
542	Needs tests|Machine exposition|Needs a feature|Enhancement|API|Blocks others	Machine should expose valid characterset
541	Needs implementation|Needs tests|Machine exposition|Is blocked|Core|Enhancement|API|Blocks others	Machine should expose known flow directions
540	Needs tests|Machine exposition|Is blocked|Enhancement|API	Machine should expose known themes
539	Needs tests|Machine exposition|Color|Is blocked|Enhancement	Machine should expose known colors
538	Needs tests|Machine exposition|Is blocked|Core|Enhancement|API|Blocks others	Machine should expose known shapes
537	Tooling|Test suite|Stochastics|Build|Enhancement	Func and stoch paths for Jest
536	Tooling|Chore|Low priority|Cleanup|Refactor|Typescript|Technical debt	Change source directory from "js" to "ts" already, flow's been over for years
535	Tooling|Documentation Generators|Chore|High priority|Cleanup|Bug|Documentation and docgen|Is blocked|Typescript	Engage new documentation generator "tsdoc"
534	Tooling|Documentation Generators|Chore|Cleanup|Bug|Documentation and docgen|Suppressed|Temporary solution proposed	Suppress broken documentation generator "documentation" in favor of a switch momentarily
533	Chore|Low priority|Process|Build infrastructure|Size: tiny|Maintenance	Change JSSM core branch from `master` to `main`
532	Editors|Ease of use|Bug|Good first issue|Frontend	Errors not being propagated upwards into editor
531	Test suite|Graph language|Bug|Issue needs work|Core|Blocks others	Bug: Disallowing Different Actions on Same state
529	Chore|High priority|Cleanup|Visual improvements|Frontend|Website	seriously just clean up the landing page
523	Chore|Automation|Performance|CI/CD	update autoissuebot action
522	Meta|Blocks others	converse block
520	Examples|FSL|Needs information	unit chains
516	Is blocked	issue blocker test case: dependent
515	Uncertain|Meta	issue blocker test case: base
504	Bug|Core|FSL|Internationalization|Blocks others	Differential in characterset parsing between atoms and strings
503	Needs research|Machine use cases|Uncertain|Extension|Enhancement|Out of scope	Atlas - global scale state machine replication
502	Examples|Needs implementation|Use cases|Publicity and visibility	Unprisoning your Think Rhino
501	Package managers|Chore|Cleanup|Publicity and visibility|Ease of use|Bug|Automation|CDN|Is blocked|Dependencies	Update CDNjs
491	High priority|Enhancement|Process|Meta	Start making real release milestones
488	Needs research|Machine use cases|Functional language|Issue needs work|Integrations|Very powerful|Needs a feature|Core|Enhancement|Status: Needs design	Data needs a pass path in hooks
487	Machine use cases|Test suite|Stochastics|List issue|Status: Underway|Core|Features	Well defined hook call order
484	Needs research|Tooling|Competition|Issue needs work|Very powerful|List issue	There was interesting stuff at StateSoft
476	Graph language|Bug|Visualizations	Why is B not a parallelogram?
474	Editors|Bug|Dependencies|Visualizations|Critical|Blocks others	Wow, a full crash
472	Needs research|Needs implementation|Integrations|Very powerful|Compile targets|Types|Enhancement|Typescript|Codegen	Emit typescript
470	Chore|Cleanup|Publicity and visibility|Readme|Issue needs work|List issue|Low hanging fruit|CI/CD	Fix readme badges
469	Tutorials|Good first issue|Issue needs work|Help sidebar|List issue|Low hanging fruit|Documentation and docgen	Help panel topics
460	Tooling|High priority|Publicity and visibility|Bug|Good first issue|Low hanging fruit|Dependencies|Visualizations|Website	fsl.tools viewer is out of date, crashing on valid fsl
455	Editors|High priority|Bug|Issue needs work|FSL	Some classes of error aren't being reported in the editor
452	Needs research|Needs implementation|High priority|Machine use cases|Functional language|Test suite|Stochastics|Issue needs work|Very powerful|Needs tests|Core|Enhancement|Status: Needs design	Data must be transactional
451	Examples|Needs implementation|Use cases|Competition|Ease of use|Tutorials|List issue|Low hanging fruit|Is blocked|Visualizations	Let's do Davr's house
448	Needs research|Tooling|High priority|Machine use cases|Functional language|Test suite|Issue needs work|Very powerful|Needs a feature|Enhancement|Question|API	Can data just be a parameter to hooks/guards and an API?
444	Needs implementation|Test suite|Good first issue|Issue needs work|Needs tests|List issue|Core	Enforcements for start states
442	Tooling|Test suite|Needs a feature|Enhancement|FSL	Can specify which start node to take from construction
439	Use cases|Graph language|Good first issue|Visual improvements|Color|Needs a feature|Enhancement|Visualizations	Color theme generation
435	Machine use cases|Static analysis|Functional language|Needs a feature|Enhancement	Nominate hooks or guards as "required"
432	Machine use cases|Functional language|Very powerful|Needs a feature|Duplicate|Enhancement|API	Termination promise resolver
429	Needs implementation|Machine use cases|Use cases|Functional language|Ease of use|Graph language|Automation|Integrations|Machine exposition|Status: Underway|Needs a feature|Enhancement	Instance names should show up in error messages
428	Use cases|Ease of use|Graph language|Very powerful|Status: Underway|Needs a feature|Enhancement	Instance names
427	Use cases|Graph language|Low hanging fruit|Needs a feature|Enhancement|Visualizations|Blocks others	Should be able to disable state labels in render
426	High priority|Use cases|Ease of use|Graph language|Machine exposition|Enhancement	State labels should make it to error messages
420	Low priority|Use cases|Graph language|Needs a feature|Enhancement|Visualizations	URL decoration for states
415	Editors|Highlighters|Tooling|Package managers|High priority|Bug	Problem with st3 new highlighter package
412	Needs research|Needs implementation|Tooling|High priority|Machine use cases|Functional language|Integrations|Very powerful|List issue|Needs a feature|Core|Enhancement|FSL|Needs spec	Guards
411	Needs research|Needs implementation|Tooling|High priority|Machine use cases|Functional language|Integrations|Very powerful|List issue|Needs a feature|Enhancement|FSL|Features|Status: Needs design	Guards
410	Tooling|Low priority|Machine use cases|Static analysis|Functional language|Very powerful|Needs a feature|Enhancement|FSL	machine attribute indicating minimum fsl language version support
408	Needs research|Graph language|Issue needs work|Status: Not planned|Uncertain|Needs a feature|Enhancement|FSL	Should we have a multi-label action syntax?
406	Package managers|Test suite|Publicity and visibility|Ease of use|Good first issue|Very powerful|Package Quality|Needs a feature|Enhancement|FSL	module attribute for `npm_name`
405	Needs research|Needs implementation|Issue needs work|FSL|Status: Needs design|Needs spec	Figure out the relationship between arguments and actions
403	Editors|Needs implementation|Static analysis|Test suite|Graph language|Issue needs work|Is blocked|Enhancement	Machine attribute to set whether islands are allowed; default `allow_with_start`
402	Needs implementation|Static analysis|Test suite|Graph language|Needs tests|Enhancement|Features	Explicitly detect islands at compile time
397	Cleanup|Issue needs work|Ease of contribution|List issue|Status: Underway|Refactor|Typescript|Technical debt	Break the codebase apart into modules
395	Editors|Highlighters|Needs implementation|Chore|High priority|Cleanup|Ease of use|Bug|Regressed	Need to update sublime highlighter
394	Chore|Bug|Size improvement|Performance|Dependencies	Reduce the size of the parser
393	Editors|Needs implementation|Use cases|Ease of use|Graph language|Visual improvements|Color|Frontend|Needs a feature|Enhancement|Visualizations	How a state is visibly rendered should be themeable
388	Needs implementation|Tooling|Chore|Typescript|Technical debt|Codegen	Slap hacky export footer on PEG to make it ts-ish
387	Tooling|High priority|Cleanup|Test suite|Issue needs work|Refactor|Build|Typescript	Rename the peg to .ts?
386	Tooling|Cleanup|Refactor|Build|Technical debt	rationalize the rollup configs to a config generator
385	Tooling|Chore|High priority|Bug|Build|Typescript	move to tsconfig right now
384	Editors|Highlighters|Bug	Kinda feel like rollup-plugin-typescript2 might be eating errors
383	Tooling|Chore|Cleanup|Performance|Refactor|Build|Typescript|Build infrastructure	Invert rollup and typescript ordering; redefine dist layout
381	Documentation Generators|Chore|High priority|Publicity and visibility|Ease of use|Tutorials|Issue needs work|Documentation and docgen|API	Get serious about API docs
380	Tooling|High priority|Use cases|Publicity and visibility|Bug|Visualizations|Web|Website|Maintenance	fsl.tools viewer is out of date; fails on links with newer features
379	Graph language|Bug|Needs tests|FSL|Blocks others	state declarations can't take quoted names
378	Needs implementation|Machine use cases|Functional language|Very powerful|Needs a feature|Enhancement|FSL|Needs spec	module attribute failed_outputs
377	Use cases|Graph language|Visual improvements|Enhancement|Visualizations	Honor arrange-end in jssm-viz
376	Needs implementation|Use cases|Graph language|Visual improvements|Enhancement|Visualizations	Honor arrange-start in jssm-viz
375	Bug|Visualizations|Needs information	graph layouts not impacting contemporary graphs
374	Bug|Good first issue|Low hanging fruit|Visualizations|Blocks others	twopi missing from graph layouts
373	Use cases|Ease of use|Graph language|Visual improvements|Needs a feature|Enhancement|FSL	Arrange variant arrange start, arrange end
370	Chore|High priority|Cleanup|Bug|Dependencies|Security	Bump nyc to ditch security warnings in jssm-viz
369	Use cases|Graph language|Bug|Visual improvements|Rendering compatibility|Visualizations|Blocks others	Update corner support in jssm-viz
368	Use cases|Graph language|Visual improvements|Rendering compatibility|Enhancement|Visualizations	Honor line styles in jssm-viz
367	Needs implementation|Use cases|Graph language|Visual improvements|Rendering compatibility|Enhancement|Visualizations	Implement line styles (solid dotted dashed)
366	Needs implementation|Use cases|Graph language|Visual improvements|Enhancement|FSL|Features|Visualizations	Honor arrange in jssm-viz
364	Use cases|Graph language|Visual improvements|Rendering compatibility|Enhancement|Visualizations	Honor shape diagonals in jssm-viz
363	Use cases|Graph language|Visual improvements|Rendering compatibility|Enhancement|Features|Visualizations	Honor shape rounding in jssm-viz
362	Use cases|Graph language|Visual improvements|Rendering compatibility|Enhancement|Visualizations	Support shape diagonals
361	Use cases|Graph language|Visual improvements|Rendering compatibility|Enhancement|Features|Visualizations	Support shape rounding
360	Examples|Use cases|Publicity and visibility|Ease of use|Tutorials|Site use cases|Ease of contribution|Collected propaganda|Low hanging fruit|Documentation and docgen|Visualizations|Cli	Document node and browser approaches to fsl to svg, png
359	Bug|Types|Color	RGB types are declared in wrong order, meaning short match short-circuits longer match
358	Cleanup|Bug|Low hanging fruit|Visualizations|Blocks others	edge_color shouldn't be underscore if the rest are dash
357	Tooling|Bug|Visualizations	Error messages are broken in jssm-viz-demo
356	Tooling|Cleanup|Enhancement|FSL|Visualizations	Remove rotation button from jssm-viz-demo and add flow: to source
355	Tooling|Color|Enhancement|Visualizations	Update jssm-viz-demo to have color
354	Bug|Color|Visualizations	Hard color references aren't storing the `#` that named color references are
353	Needs implementation|Use cases|Graph language|Visual improvements|Rendering compatibility|Enhancement|Visualizations	Honor shape in jssm-viz
352	Editors|Use cases|Visual improvements|Color|Enhancement|Visualizations	Honor background color in jssm-viz
351	Editors|Use cases|Visual improvements|Color|Enhancement|Visualizations	Honor border color in jssm-viz
350	Editors|Use cases|Graph language|Visual improvements|Enhancement|Visualizations	Honor text color in jssm-viz
349	Use cases|Graph language|Visual improvements|Color|Enhancement|Features|Visualizations|Blocks others	Ability to set default text color on all nodes
348	Use cases|Graph language|Visual improvements|Color|Frontend|Is blocked|Needs a feature|Enhancement	Ability to set default background color on all nodes
347	Use cases|Graph language|Visual improvements|Color|Enhancement|Visualizations	Default border color on all nodes
345	Needs implementation|Use cases|Test suite|Graph language|Visual improvements|Color|Enhancement	Remember to make theme heritable from graph to state
343	Chore|Cleanup|Temporary solution proposed|Visualizations	Better way to export GraphViz errors than this nonsense
342	High priority|Use cases|Graph language|Visual improvements|Rendering compatibility|Needs a feature|Enhancement|Visualizations	Ability to set shape of node
341	High priority|Use cases|Graph language|Visual improvements|Color|Needs a feature|Enhancement|Visualizations	Ability to set background color of node
340	High priority|Use cases|Graph language|Visual improvements|Color|Needs a feature|Enhancement|Visualizations	Ability to set border color of node
339	High priority|Use cases|Graph language|Visual improvements|Color|Needs a feature|Enhancement|Visualizations	Ability to set text color of node
338	Needs research|Use cases|Test suite|Ease of use|Graph language|Issue needs work|Very powerful|Visual improvements|Color|Frontend|Needs a feature|Enhancement|Visualizations|Accessibility	Themes need a color transformation function ability
336	Needs research|Use cases|Ease of use|Graph language|Issue needs work|Visual improvements|Color|Needs a feature|Enhancement|FSL|Visualizations	Palette property to together-set sensible color, textcolor, bgcolor
335	Graph language|Bug|Visualizations	Faulting on empty node declaration property lists
334	Bug|Integrations|Visualizations	jssm-viz should not consume graphviz errors
333	High priority|Test suite|Bug|Core|FSL|Blocks others	Escaped double-quotes in strings seem to be broken
332	REPL|Use cases|Ease of use|Graph language|Good first issue|Visual improvements|Low hanging fruit|Enhancement|Visualizations|Blocks others	dot footer
331	Use cases|Ease of use|Graph language|Visual improvements|Enhancement|Features|Visualizations	dot prelude in parser
330	Use cases|Ease of use|Graph language|Visual improvements|Compile targets|Enhancement|Codegen	dot prelude in compiler
329	Needs implementation|Chore|Test suite|Graph language	dot prelude in testset
328	Editors|Use cases|Ease of use|Graph language|Integrations|Visual improvements|Needs a feature|Enhancement|Visualizations	dot prelude in jssm-viz
325	Needs implementation|Machine use cases|Bug|Issue needs work|Core|FSL	multiple edges with same origin/destination should be possible under different actions
316	Low priority|Cleanup|Ease of use|Enhancement|CSS|Visualizations	Better SVG default node IDs through slugging
314	Needs implementation|Tooling|High priority|Use cases|Competition|Publicity and visibility|Ease of use|Enhancement|Visualizations|Cli	Create a CLI of jssm-viz for rendering flowcharts
290	Needs research|High priority|Test suite|Bug|Automation|Build|Windows|CI/CD	Figure out why windows builds fail (they work locally)
289	Needs research|Tooling|Chore|Cleanup|Automation|Enhancement|CI/CD|Stale|Workflows	Add stale watchdog
287	Editors|Needs implementation|Tooling|High priority|Graph language|Enhancement|Visualizations	Make `flow` attribute available in jssm-viz
286	Editors|Tooling|Use cases|Graph language|Needs a feature|Enhancement|Features|Visualizations	Make rankdir into `flow:` machine attribute
285	Editors|Documentation Generators|High priority|Use cases|Competition|Publicity and visibility|Ease of use|Graph language|Visual improvements|Color|Is blocked|Needs a feature|Enhancement|Visualizations	Theme support in jssm-viz
284	Tooling|Cleanup|Refactor|Typescript|Modernize	Switch to ECMA Private Fields
283	Machine use cases|Use cases|Competition|Publicity and visibility|Site use cases|Collected propaganda|Low hanging fruit|Documentation and docgen|Visualizations|Website|Customer acquisition	Make a comparison page between various FSM libraries
280	REPL|High priority|Use cases|Graph language|Visual improvements|Color|Enhancement|Features|Visualizations	Fill out some common sense properties for state declarations
278	REPL|Use cases|Graph language|Needs a feature|Enhancement|Visualizations	Put rankdir in the FSL source already
273	Tooling|Publicity and visibility|Ease of use|Tutorials|Widgets|Integrations|CDN|Enhancement|Visualizations	cdn widget renderer component
267	High priority|Ease of use|Graph language|Enhancement|FSL|Features|Visualizations	Okay, `rank=same` is now `arrange`
263	Ease of use|Graph language|Issue needs work|Very powerful|Status: Underway|Needs a feature|Enhancement|FSL|Features	Override for label
262	Tooling|Chore|Cleanup|Test suite|Issue needs work|Integrations|Dependencies	Replace 'ava' for 'jest' in tests
257	Editors|REPL|Ease of use|Good first issue|Widgets|Frontend|Enhancement	Add to editor the ability to swap panes, disable panes, or switch l/r to t/b
256	Needs research|Functional language|Issue needs work|Uncertain|Question|Features	timing issues - do we actually want after?
250	Chore|Publicity and visibility|Tutorials|Issue needs work|List issue|Youtube	Make a list of video topics 
249	Examples|Tutorials|Good first issue|Low hanging fruit|Documentation and docgen|Duplicate	Cooking examples 
246	Low priority|Use cases|Graph language|Needs a feature|Enhancement|Visualizations	Expose rank same to end user
242	High priority|Use cases|Ease of use|Visual improvements|Frontend|Enhancement|Visualizations	Start state isn't sufficiently visible
234	Editors|Build|Javascript|Question	Way too much files are generated when using webpack
233	Needs research|Needs implementation|Tooling|Machine use cases|Use cases|Competition|Publicity and visibility|Ease of use|Site use cases|Issue needs work|Automation|Viz action|Integrations|Status: Underway|Enhancement|Visualizations|CI/CD	Gh commit render action
229	Needs implementation|Functional language|Compile targets|Enhancement|C++|Codegen	Hidden parameters to hooks
225	Examples|Needs implementation|Use cases|Test suite|Publicity and visibility|Ease of use|Tutorials|Documentation and docgen|Visualizations	node.js svg rendering tutorial
219	Chore|High priority|Publicity and visibility|Ease of use|Site use cases|Website|Community	Put Discord on site
218	High priority|Publicity and visibility|Ease of use|Integrations|Community	Make a slack workspace for fsl
217	Chore|High priority|Low hanging fruit|Size: tiny|Community	Make Vat an admin on Slack
216	Chore|Ease of use|Good first issue|Ease of contribution|Documentation and docgen	jssm-viz needs a CONTRIBUTING.md
209	Needs research|Tooling|Low priority|Static analysis|Publicity and visibility|Ease of use|Automation|Integrations|Needs a feature|Enhancement|CI/CD	Github app bot for linting machines
208	Chore|Low priority|Publicity and visibility|Process|Build infrastructure|Maintenance	fsl organization
205	Needs research|Tooling|Test suite|Stochastics|Enhancement	Much better stoch testing
203	Needs research|Needs implementation|Low priority|Test suite|List issue|Enhancement|Features	history
196	Pastebins|Use cases|Ease of use|Site use cases|Frontend|Needs a feature|Enhancement|Visualizations	Add zoom to viewer
189	Editors|Needs implementation|High priority|Use cases|Publicity and visibility|Ease of use|Integrations|Enhancement|Visualizations|Web	Editor mechanism to provide links for viewer from #180
188	Tooling|Chore|High priority|Size improvement|Minifier|Build|Dependencies|Enhancement	Add compression of es6 package with Terser
185	Bug|Color|FSL	Colors that were string prefixes were sniping each other
184	Graph language|Bug|Internationalization|Blocks others	Amharic seems to fault in machine attributes inside quotes
183	High priority|Bug|Build|Package Quality	Fix that `main` in jssm `package.json` pointed at source instead of build
182	Editors|Use cases|Site use cases|Graph language|Needs a feature|Enhancement|Visualizations	Graph rotation for initial rotation in viewer
181	Pastebins|Editors|Needs implementation|Use cases|Competition|Publicity and visibility|Ease of use|Site use cases|Graph language|Enhancement	Make to-URL in editor with LZ compressor
180	Needs implementation|Tooling|Competition|Publicity and visibility|Ease of use|Site use cases|Enhancement|Visualizations|Web	Make from-URL viewer for graphs
179	Ease of use|Help sidebar|Widgets|Frontend|Enhancement	popup help panel with fsl commands in it
176	Editors|REPL|Use cases|Ease of use|Visual improvements|Low hanging fruit|Color|Needs a feature|Enhancement|Visualizations	Mechanism to control background color of graphs
175	Editors|REPL|Ease of use|Widgets|Frontend|Needs a feature|Enhancement	Add "add headers" button to make it easier to re-add headers
174	Editors|Examples|REPL|Cleanup|Ease of use|Enhancement	Take headers out of example starter code, for simplicity
172	Editors|High priority|Ease of use|Graph language|Needs a feature|Enhancement|Visualizations|Codegen	Custom DOT preamble/prelude operator
171	Tooling|Test suite|Stochastics|Enhancement|Typescript|Blocks others	typescript-aware quickcheck with stats gathering
170	Editors|Tooling|High priority|Graph language|Transcompile targets|Enhancement|Features	Create to-dot button
169	Editors|High priority|Frontend|Needs a feature|Enhancement|Visualizations	Create to-svg button
167	Needs research|Tooling|Chore|Size improvement|Performance|Low hanging fruit|Build|Enhancement|Javascript	set up for tree shakeability
165	Needs research|Chore|Cleanup|Build infrastructure|Security|Website	how to get an a+ on ssl
158	Editors|Needs implementation|Tooling|Documentation Generators|Publicity and visibility|Ease of use|Integrations|Enhancement|Javascript|Markdown	markdown-it plugin
155	Needs research|Low priority|Publicity and visibility|Question	consider the .gallery tld
152	High priority|Publicity and visibility|Ease of use|Integrations|Types|Is blocked|Enhancement|Typescript	Get listed on Definitely Typed
151	Tooling|Package managers|Chore|High priority|Publicity and visibility|Ease of use|Integrations|Types|Typescript	make a .d.ts
148	Needs implementation|Tooling|Publicity and visibility|Integrations|Status: Underway|Low hanging fruit|Enhancement|FSL	Add FSL and JSSM to `cloc`
145	Cleanup|Test suite|Refactor|FSL|Fonts	Remove the cutesy unicode operators
144	Chore|Cleanup|Meta|Maintenance	Move FSLp closed issues here too
141	Chore|High priority|Cleanup|Test suite|Refactor|Build|Dependencies|Technical debt	Completely ditch flow and babel
140	Tooling|Test suite|Stochastics|Automation|Needs tests|Enhancement	Testing rig
139	Needs research|Needs implementation|Tooling|Package managers|Test suite|Publicity and visibility|Ease of use|Integrations|Types|Intend to close|Duplicate|Typescript	Figure DefinitelyTyped out sooner rather than later
138	Needs implementation|Static analysis|Ease of use|Graph language|Enhancement	module attribute "allow_islands"
130	Tooling|High priority|Use cases|Publicity and visibility|Tutorials|Site use cases|Status: Underway|Low hanging fruit|Documentation and docgen|Enhancement|Visualizations	Tutorial: how to make a renderable and embeddable graph, step by step
128	Needs implementation|Use cases|Graph language|Color|Is blocked|Needs a feature|Enhancement|FSL|Visualizations	Multiple themes
125	Needs implementation|Machine use cases|Ease of use|Graph language|Needs a feature|Enhancement|FSL|Needs spec	Required properties
124	Needs implementation|High priority|Machine use cases|Ease of use|Graph language|Very powerful|Status: Underway|Needs a feature|Enhancement|FSL|Features	States should have properties
122	Chore|High priority|List issue|Meta|Needs external	Hooray, FSLp has an issue list to unroll too
121	Editors|Use cases|Graph language|Documentation and docgen|Enhancement|Features|Visualizations	graph_orientation attribute
120	Needs implementation|Cleanup|Test suite|Documentation and docgen|FSL|Big picture|Needs spec	Spec is the new source of truth on what is actually in the language
118	Documentation Generators|Use cases|Ease of use|Graph language|Very powerful|Rendering compatibility|Frontend|Needs a feature|Enhancement|Visualizations	Explicit ability to mark a group as a subgraph
117	Needs implementation|Documentation Generators|High priority|Use cases|Ease of use|Graph language|Needs a feature|Enhancement	Distinguish the node name from the label text already
115	Documentation Generators|Use cases|Ease of use|Graph language|Needs a feature|Enhancement|Features|Visualizations	Rank same on groups
114	Use cases|Ease of use|Graph language|Color|Rendering compatibility|Needs a feature|Enhancement|Visualizations	Style cascade
110	Needs implementation|Documentation Generators|Use cases|Ease of use|Needs a feature|Enhancement|HTML|Visualizations	Some mechanism for GViz HTML-like labels
108	Tooling|High priority|Use cases|Publicity and visibility|Ease of use|Graph language|Issue needs work|Enhancement|Visualizations|Needs information	Theme module attribute
107	Tooling|Package managers|High priority|Build|Enhancement|Javascript	Make sure new impl tracks ES6 module field in package.json correctly
102	Needs research|Needs implementation|Test suite|Enhancement|Internationalization	See if we can get high unicode working
100	Needs research|Needs implementation|Machine use cases|Use cases|Ease of use|Graph language|Very powerful|Composition|Is blocked|Needs a feature|Enhancement|FSL|Needs spec	Kinds
97	Needs research|Low priority|Use cases|Integrations|Ahead of its time|Rendering compatibility|Dependencies|Enhancement|Visualizations	Consider d3-graphviz as a renderer for animation's sake
96	Needs research|Low priority|Use cases|Integrations|Ahead of its time|Uncertain|Rendering compatibility|Visualizations	Consider Cytoscape as a renderer
95	Needs research|Integrations|Ahead of its time|Uncertain|Visualizations	Consider Cytoscape as a renderer
92	Pastebins|Needs implementation|REPL|Use cases|Ease of use|Very powerful|Machine exposition|Frontend|Needs a feature|Enhancement|Visualizations	Visible rendering of state
90	Needs implementation|Machine use cases|Graph language|Needs a feature|Core|Enhancement	Constructor configuration: `tick`
89	Needs research|Needs implementation|Machine use cases|Functional language|Graph language|Automation|Needs a feature|Enhancement|FSL|Features	operator `after`
86	Editors|Tooling|Test suite|Good first issue|Frontend|Enhancement	Make sure new editor has better reload behavior
82	Chore|Meta	Move jssm-viz-demo issues here
81	Chore|Meta|Maintenance	Move jssm-viz issues here
76	Editors|Needs research|Bug|Integrations	Possibly fix brace problem by switching directly to ace
75	Needs implementation|High priority|Machine use cases|Functional language|Test suite|Graph language|Issue needs work|Very powerful|Needs a feature|Enhancement|Features|Needs spec	Outputs
74	Needs implementation|High priority|Machine use cases|Functional language|Test suite|Graph language|Integrations|Very powerful|Ahead of its time|Needs a feature|Enhancement|Features	Inputs 
73	Test suite|Graph language|Needs tests|Features	Property setting
71	Needs implementation|Test suite|Graph language|Needs a feature|Enhancement|FSL|Features	Anonymous groups
70	Needs implementation|Test suite|Graph language|Needs a feature|Enhancement|FSL|Features	Named sequential groups
69	Low priority|Publicity and visibility|Good first issue|Integrations|Low hanging fruit|Customer acquisition	Try to get a mention on The Vanilla JS Component List
67	Needs implementation|Tooling|Test suite|Stochastics|Automation|Enhancement	Stochastic stress testing
64	Test suite|Stochastics|Graph language|Automation|Needs tests|List issue|Enhancement	Stochastic system compilability testing
63	Needs research|Tooling|Static analysis|Stochastics|Good first issue|Automation|Enhancement	Coverage analysis
62	Test suite|Stochastics|Graph language|Automation|Enhancement	Random walks
61	Needs implementation|Test suite|Graph language|Is blocked|Enhancement|FSL|Features	on_after hook
60	Needs implementation|Test suite|Graph language|Needs a feature|Core|Enhancement	before_enter_emit hooks
59	Needs implementation|Test suite|Graph language|Needs tests|Needs a feature|Core|Enhancement	after_check guards
58	Test suite|Graph language|Needs a feature|Enhancement|Features	before_enter_check guards
57	Needs implementation|High priority|Test suite|Graph language	Stripes
56	Needs implementation|High priority|Static analysis|Test suite|Graph language|Enhancement	Cycles
55	Test suite|Graph language|Good first issue|Intend to close|Visualizations|Already available	All 15 links in ascii, unicode, and mixed
53	Chore|Low priority|Meta|Maintenance	Move JSSM closed issues here too
51	Needs implementation|Tooling|Static analysis|Good first issue|Automation|Enhancement	Linter should detect islands; warn without pragma
49	Needs research|Low priority|Machine use cases|Use cases|Graph language	Why-because analysis
48	Examples|Low priority|Good first issue|Example source|Uncertain|Enhancement	Comedy flowcharts
45	Examples|Needs implementation|Low priority|Machine use cases|Use cases|Graph language	Issue Trees
41	Needs research|Low priority|Machine use cases|Use cases|Graph language|Automation	Sequential function chart
39	Highlighters|Needs implementation|Low priority|Good first issue|Integrations|Enhancement|PHP|FSL	Add FSL to Crayon (php, jquery)
38	Highlighters|Needs implementation|Good first issue|Integrations|Enhancement|Javascript|FSL	Add FSL to Rainbows
37	Highlighters|Needs implementation|Low priority|Good first issue|Integrations|Enhancement|PHP	Add FSL to GeSHI (php)
36	Highlighters|Needs implementation|Low priority|Good first issue|Integrations|Enhancement|FSL	Add FSL to sunlight.js
34	Editors|Highlighters|Tooling|High priority|Good first issue|Enhancement	Update Sublime Text highlighter to 1.0
33	Editors|Highlighters|Needs implementation|Package managers|High priority	Sublime Text highlighter
31	Highlighters|Needs implementation|Integrations|Enhancement|FSL	Add FSL to MicroLight.js
30	High priority|Cleanup|Refactor|Visualizations|Web|Technical debt	Sort out the `window` mess in jssm-viz
29	Highlighters|Needs implementation|Good first issue|Integrations|Help wanted|Enhancement|FSL	Add FSL to Google Code Prettify
28	Pastebins|Highlighters|Needs research|Low priority|Publicity and visibility|Good first issue|Integrations|FSL	Get listed on ToHTML
27	Highlighters|Needs research|Low priority|Good first issue|Integrations|Uncertain|Is blocked	lol maybe shjs
26	Highlighters|Tooling|Low priority|Good first issue|Integrations|Enhancement|FSL	lol maybe get FSL into GNU source-highlight
25	Chore|High priority|List issue|Meta|Maintenance	Unroll old JSSM folded issue list
24	Chore|Process|Meta	move fsl.tools issues here
23	Chore|Meta|Maintenance	Move FSLc issues here
22	Chore|Process|Meta	Move FSLp issues here
21	Chore|Process|Meta|Maintenance	Move FSLi issues here
20	Chore|High priority|Process|Meta	Move JSSM open issues here
19	Documentation Generators|Good first issue|Integrations|Documentation and docgen|Enhancement|Ruby	Get FSL into Slate (ruby docgen)
16	Editors|Highlighters|Package managers|Integrations|Is blocked|Enhancement	Get into Atom
14	Editors|Highlighters|Needs research|Automation|Integrations|Enhancement	Maybe a TreeSitter grammar?
13	Editors|Highlighters|Good first issue|Integrations|Is blocked|Enhancement	Add FSL to Brackets
9	Editors|Needs implementation|Package managers|Integrations|Enhancement	Atom Package Manager
7	Needs research|Examples|Needs implementation|Graph language|Needs a feature|Enhancement|FSL	Hierarchal state charts
6	Editors|Highlighters|Good first issue|Integrations|Is blocked|Enhancement	CodeFlask
4	Editors|Highlighters|Needs research|Low priority|Integrations|Enhancement	Instructure Design editor
3	Editors|Needs research|Low priority|Integrations|Uncertain	get into lighttable maybe?
1	Needs research|Chore|High priority|Issue needs work	Figure out what all to centralize
